-------------------------------------------------------------------------------------------,,,,,,,,,
 Monthly average 13C concentrations (per mil) derived from flask air samples               ,,,,,,,,,
" Mauna Loa, Hawaii                                                                         ",,,,,,,,,
                                                                                           ,,,,,,,,,
 Source: R. F. Keeling and S. J. Walker                   ,,,,,,,,,
 Scripps CO2 Program ( http://scrippsco2.ucsd.edu )                                        ,,,,,,,,,
 Scripps Institution of Oceanography (SIO)                                                 ,,,,,,,,,
 University of California                                                                  ,,,,,,,,,
" La Jolla, California USA 92093-0244                                                       ",,,,,,,,,
                                                                                           ,,,,,,,,,
 Status of isotopic data and correspondence:                                               ,,,,,,,,,
                                                                                           ,,,,,,,,,
 Isotopic data are reported on the Scripps Isotope scale                                   ,,,,,,,,,
 See:                                                                                      ,,,,,,,,,
" T. Lueker, R. Keeling, A. Bollenbacher, S. Walker, E. Morgan,                             ",,,,,,,,,
" M. Brooks, Calibration Methodology for the Scripps 13C/12C and 18O/16O                    ",,,,,,,,,
" stable Isotope program 1992-2018, 2020                                                    ",,,,,,,,,
 Flask data from archive dated 21-Feb-2025 08:57:33                                        ,,,,,,,,,
                                                                                           ,,,,,,,,,
 They are subject to revision based on recalibration of standard gases. Questions          ,,,,,,,,,
 about the data should be directed to Dr. Ralph Keeling (rkeeling AT ucsd.edu) and         ,,,,,,,,,
" and Dr. Stephen Walker (sjwalker AT ucsd.edu), Scripps CO2 Program.                       ",,,,,,,,,
                                                                                           ,,,,,,,,,
-------------------------------------------------------------------------------------------,,,,,,,,,
                                                                                           ,,,,,,,,,
 Please cite as:                                                                           ,,,,,,,,,
                                                                                           ,,,,,,,,,
" C. D. Keeling, S. C. Piper, R. B. Bacastow, M. Wahlen, T. P. Whorf, M. Heimann, and       ",,,,,,,,,
" H. A. Meijer, Exchanges of atmospheric CO2 and 13CO2 with the terrestrial biosphere and   ",,,,,,,,,
" oceans from 1978 to 2000.  I. Global aspects, SIO Reference Series, No. 01-06, Scripps    ",,,,,,,,,
" Institution of Oceanography, San Diego, 88 pages, 2001.                                   ",,,,,,,,,
                                                                                           ,,,,,,,,,
" If it is necessary to cite a peer-reviewed article, please cite as:                       ",,,,,,,,,
                                                                                           ,,,,,,,,,
" C. D. Keeling, S. C. Piper, R. B. Bacastow, M. Wahlen, T. P. Whorf, M. Heimann, and       ",,,,,,,,,
" H. A. Meijer, Atmospheric CO2 and 13CO2 exchange with the terrestrial biosphere and       ",,,,,,,,,
" oceans from 1978 to 2000: observations and carbon cycle implications, pages 83-113,       ",,,,,,,,,
 in A History of Atmospheric CO2 and its effects on Plants, Animals," and Ecosystems""","     """,,,,,,
" editors, Ehleringer, J.R., T. E. Cerling, M. D. Dearing, Springer Verlag,                 ",,,,,,,,,
" New York, 2005.                                                                           ",,,,,,,,,
                                                                                           ,,,,,,,,,
-------------------------------------------------------------------------------------------,,,,,,,,,
                                                                                           ,,,,,,,,,
 The data file below contains 10 columns.  Columns 1-4 give the dates in several redundant ,,,,,,,,,
 formats. Column 5 below gives monthly isotope concentrations in per-mil.  This is the     ,,,,,,,,,
 standard version of the data most often sought.  The monthly values have been adjusted    ,,,,,,,,,
 to 24:00 hours on the 15th of each month.  Column 6 gives the same data after a seasonal  ,,,,,,,,,
 adjustment to remove the quasi-regular seasonal cycle.  The adjustment involves           ,,,,,,,,,
 subtracting from the data a 4-harmonic fit with a linear gain factor.  Column 7 is a      ,,,,,,,,,
 smoothed version of the data generated from a stiff cubic spline function plus 4-harmonic ,,,,,,,,,
 functions with linear gain.  Column 8 is the same smoothed version with the seasonal      ,,,,,,,,,
 cycle removed.  Column 9 is identical to Column 5 except that the missing values from     ,,,,,,,,,
 Column 5 have been filled with values from Column 7.  Column 10 is identical to Column 6  ,,,,,,,,,
 except missing values have been filled with values from Column 8.  Missing values are     ,,,,,,,,,
 denoted by -99.99                                                                         ,,,,,,,,,
                                                                                           ,,,,,,,,,
 CO2 concentrations are reported on the Scripps '12' Calibration scale                     ,,,,,,,,,
                                                                                           ,,,,,,,,,
  Yr, Mn,    Date,      Date,     13C,seasonally,        fit,  seasonally,      13C, seasonally
    ,   ,        ,          ,        ,  adjusted,           ,adjusted fit,   filled,adjusted filled
    ,   ,   Excel,          , per-mil,  per-mil,    per-mil,  per-mil,   per-mil,  per-mil
1980,1,29235,1980.041,      NaN,      NaN,-7.51,-7.51,-7.51,-7.51
1980,2,29266,1980.1257,-7.6,-7.55,-7.56,-7.52,-7.6,-7.55
1980,3,29295,1980.2049,-7.64,-7.55,-7.62,-7.53,-7.64,-7.55
1980,4,29326,1980.2896,-7.65,-7.5,-7.68,-7.54,-7.65,-7.5
1980,5,29356,1980.3716,-7.68,-7.52,-7.71,-7.55,-7.68,-7.52
1980,6,29387,1980.4563,      NaN,      NaN,-7.67,-7.56,-7.67,-7.56
1980,7,29417,1980.5383,-7.59,-7.58,-7.58,-7.57,-7.59,-7.58
1980,8,29448,1980.623,-7.47,-7.58,-7.47,-7.58,-7.47,-7.58
1980,9,29479,1980.7077,-7.44,-7.62,-7.41,-7.58,-7.44,-7.62
1980,10,29509,1980.7896,-7.48,-7.64,-7.43,-7.59,-7.48,-7.64
1980,11,29540,1980.8743,-7.45,-7.54,-7.5,-7.59,-7.45,-7.54
1980,12,29570,1980.9563,      NaN,      NaN,-7.56,-7.6,-7.56,-7.6
1981,1,29601,1981.0411,-7.57,-7.57,-7.6,-7.6,-7.57,-7.57
1981,2,29632,1981.126,-7.64,-7.6,-7.64,-7.6,-7.64,-7.6
1981,3,29660,1981.2027,      NaN,      NaN,-7.69,-7.61,-7.69,-7.61
1981,4,29691,1981.2877,-7.74,-7.59,-7.75,-7.61,-7.74,-7.59
1981,5,29721,1981.3699,-7.82,-7.66,-7.77,-7.61,-7.82,-7.66
1981,6,29752,1981.4548,-7.76,-7.64,-7.72,-7.6,-7.76,-7.64
1981,7,29782,1981.537,      NaN,      NaN,-7.61,-7.6,-7.61,-7.6
1981,8,29813,1981.6219,-7.49,-7.59,-7.49,-7.59,-7.49,-7.59
1981,9,29844,1981.7068,-7.39,-7.57,-7.41,-7.59,-7.39,-7.57
1981,10,29874,1981.789,-7.35,-7.51,-7.43,-7.59,-7.35,-7.51
1981,11,29905,1981.874,-7.46,-7.55,-7.49,-7.59,-7.46,-7.55
1981,12,29935,1981.9562,-7.58,-7.62,-7.55,-7.59,-7.58,-7.62
1982,1,29966,1982.0411,-7.58,-7.58,-7.59,-7.59,-7.58,-7.58
1982,2,29997,1982.126,-7.64,-7.6,-7.63,-7.59,-7.64,-7.6
1982,3,30025,1982.2027,      NaN,      NaN,-7.68,-7.59,-7.68,-7.59
1982,4,30056,1982.2877,-7.73,-7.59,-7.74,-7.6,-7.73,-7.59
1982,5,30086,1982.3699,-7.8,-7.64,-7.76,-7.6,-7.8,-7.64
1982,6,30117,1982.4548,-7.71,-7.6,-7.71,-7.6,-7.71,-7.6
1982,7,30147,1982.537,-7.67,-7.66,-7.62,-7.6,-7.67,-7.66
1982,8,30178,1982.6219,-7.47,-7.57,-7.5,-7.6,-7.47,-7.57
1982,9,30209,1982.7068,-7.4,-7.57,-7.42,-7.6,-7.4,-7.57
1982,10,30239,1982.789,-7.45,-7.6,-7.44,-7.6,-7.45,-7.6
1982,11,30270,1982.874,-7.5,-7.59,-7.51,-7.6,-7.5,-7.59
1982,12,30300,1982.9562,-7.62,-7.66,-7.56,-7.6,-7.62,-7.66
1983,1,30331,1983.0411,-7.61,-7.61,-7.6,-7.6,-7.61,-7.61
1983,2,30362,1983.126,-7.6,-7.56,-7.64,-7.6,-7.6,-7.56
1983,3,30390,1983.2027,-7.63,-7.54,-7.69,-7.6,-7.63,-7.54
1983,4,30421,1983.2877,-7.72,-7.57,-7.76,-7.61,-7.72,-7.57
1983,5,30451,1983.3699,-7.86,-7.7,-7.78,-7.62,-7.86,-7.7
1983,6,30482,1983.4548,-7.63,-7.51,-7.74,-7.63,-7.63,-7.51
1983,7,30512,1983.537,-7.71,-7.7,-7.66,-7.64,-7.71,-7.7
1983,8,30543,1983.6219,-7.58,-7.68,-7.55,-7.65,-7.58,-7.68
1983,9,30574,1983.7068,-7.43,-7.61,-7.48,-7.66,-7.43,-7.61
1983,10,30604,1983.789,-7.48,-7.64,-7.51,-7.67,-7.48,-7.64
1983,11,30635,1983.874,-7.6,-7.69,-7.59,-7.69,-7.6,-7.69
1983,12,30665,1983.9562,-7.67,-7.71,-7.66,-7.7,-7.67,-7.71
1984,1,30696,1984.041,-7.67,-7.67,-7.72,-7.71,-7.67,-7.67
1984,2,30727,1984.1257,-7.81,-7.77,-7.77,-7.72,-7.81,-7.77
1984,3,30756,1984.2049,      NaN,      NaN,-7.82,-7.73,-7.82,-7.73
1984,4,30787,1984.2896,-7.9,-7.75,-7.88,-7.74,-7.9,-7.75
1984,5,30817,1984.3716,-7.9,-7.74,-7.9,-7.74,-7.9,-7.74
1984,6,30848,1984.4563,-7.86,-7.75,-7.85,-7.74,-7.86,-7.75
1984,7,30878,1984.5383,-7.72,-7.7,-7.75,-7.73,-7.72,-7.7
1984,8,30909,1984.623,-7.66,-7.76,-7.62,-7.73,-7.66,-7.76
1984,9,30940,1984.7077,-7.57,-7.74,-7.54,-7.72,-7.57,-7.74
1984,10,30970,1984.7896,-7.54,-7.7,-7.55,-7.71,-7.54,-7.7
1984,11,31001,1984.8743,-7.6,-7.7,-7.61,-7.7,-7.6,-7.7
1984,12,31031,1984.9563,-7.6,-7.63,-7.66,-7.69,-7.6,-7.63
1985,1,31062,1985.0411,-7.65,-7.65,-7.69,-7.69,-7.65,-7.65
1985,2,31093,1985.126,-7.76,-7.72,-7.73,-7.68,-7.76,-7.72
1985,3,31121,1985.2027,-7.81,-7.72,-7.77,-7.68,-7.81,-7.72
1985,4,31152,1985.2877,-7.75,-7.6,-7.82,-7.68,-7.75,-7.6
1985,5,31182,1985.3699,-7.85,-7.68,-7.84,-7.67,-7.85,-7.68
1985,6,31213,1985.4548,-7.79,-7.68,-7.79,-7.67,-7.79,-7.68
1985,7,31243,1985.537,-7.67,-7.66,-7.69,-7.67,-7.67,-7.66
1985,8,31274,1985.6219,-7.5,-7.6,-7.57,-7.67,-7.5,-7.6
1985,9,31305,1985.7068,-7.57,-7.74,-7.5,-7.67,-7.57,-7.74
1985,10,31335,1985.789,-7.6,-7.76,-7.52,-7.67,-7.6,-7.76
1985,11,31366,1985.874,-7.58,-7.67,-7.58,-7.67,-7.58,-7.67
1985,12,31396,1985.9562,-7.63,-7.66,-7.64,-7.67,-7.63,-7.66
1986,1,31427,1986.0411,-7.63,-7.63,-7.67,-7.67,-7.63,-7.63
1986,2,31458,1986.126,-7.73,-7.69,-7.71,-7.67,-7.73,-7.69
1986,3,31486,1986.2027,-7.76,-7.67,-7.75,-7.66,-7.76,-7.67
1986,4,31517,1986.2877,-7.87,-7.72,-7.8,-7.66,-7.87,-7.72
1986,5,31547,1986.3699,-7.83,-7.67,-7.82,-7.65,-7.83,-7.67
1986,6,31578,1986.4548,-7.7,-7.59,-7.76,-7.64,-7.7,-7.59
1986,7,31608,1986.537,-7.63,-7.61,-7.65,-7.64,-7.63,-7.61
1986,8,31639,1986.6219,-7.51,-7.62,-7.53,-7.63,-7.51,-7.62
1986,9,31670,1986.7068,-7.47,-7.65,-7.46,-7.64,-7.47,-7.65
1986,10,31700,1986.789,-7.48,-7.64,-7.48,-7.64,-7.48,-7.64
1986,11,31731,1986.874,-7.54,-7.63,-7.55,-7.64,-7.54,-7.63
1986,12,31761,1986.9562,-7.61,-7.65,-7.62,-7.65,-7.61,-7.65
1987,1,31792,1987.0411,-7.69,-7.69,-7.66,-7.66,-7.69,-7.69
1987,2,31823,1987.126,-7.71,-7.67,-7.71,-7.67,-7.71,-7.67
1987,3,31851,1987.2027,-7.78,-7.69,-7.76,-7.68,-7.78,-7.69
1987,4,31882,1987.2877,-7.83,-7.69,-7.83,-7.68,-7.83,-7.69
1987,5,31912,1987.3699,-7.81,-7.65,-7.86,-7.69,-7.81,-7.65
1987,6,31943,1987.4548,-7.85,-7.74,-7.82,-7.7,-7.85,-7.74
1987,7,31973,1987.537,-7.73,-7.72,-7.73,-7.71,-7.73,-7.72
1987,8,32004,1987.6219,-7.62,-7.72,-7.62,-7.72,-7.62,-7.72
1987,9,32035,1987.7068,-7.57,-7.74,-7.55,-7.73,-7.57,-7.74
1987,10,32065,1987.789,-7.58,-7.74,-7.58,-7.74,-7.58,-7.74
1987,11,32096,1987.874,-7.67,-7.77,-7.66,-7.75,-7.67,-7.77
1987,12,32126,1987.9562,-7.66,-7.7,-7.72,-7.75,-7.66,-7.7
1988,1,32157,1988.041,-7.77,-7.77,-7.77,-7.76,-7.77,-7.77
1988,2,32188,1988.1257,-7.85,-7.81,-7.81,-7.77,-7.85,-7.81
1988,3,32217,1988.2049,-7.85,-7.76,-7.87,-7.78,-7.85,-7.76
1988,4,32248,1988.2896,-7.95,-7.8,-7.93,-7.79,-7.95,-7.8
1988,5,32278,1988.3716,-7.97,-7.81,-7.95,-7.79,-7.97,-7.81
1988,6,32309,1988.4563,-7.88,-7.77,-7.9,-7.79,-7.88,-7.77
1988,7,32339,1988.5383,-7.77,-7.76,-7.8,-7.79,-7.77,-7.76
1988,8,32370,1988.623,-7.73,-7.83,-7.69,-7.79,-7.73,-7.83
1988,9,32401,1988.7077,-7.63,-7.81,-7.61,-7.79,-7.63,-7.81
1988,10,32431,1988.7896,-7.62,-7.77,-7.63,-7.79,-7.62,-7.77
1988,11,32462,1988.8743,-7.65,-7.74,-7.7,-7.79,-7.65,-7.74
1988,12,32492,1988.9563,-7.74,-7.77,-7.75,-7.79,-7.74,-7.77
1989,1,32523,1989.0411,-7.81,-7.81,-7.79,-7.79,-7.81,-7.81
1989,2,32554,1989.126,-7.85,-7.81,-7.83,-7.79,-7.85,-7.81
1989,3,32582,1989.2027,-7.91,-7.82,-7.88,-7.8,-7.91,-7.82
1989,4,32613,1989.2877,-7.95,-7.81,-7.94,-7.8,-7.95,-7.81
1989,5,32643,1989.3699,-7.94,-7.77,-7.96,-7.8,-7.94,-7.77
1989,6,32674,1989.4548,-7.93,-7.81,-7.91,-7.8,-7.93,-7.81
1989,7,32704,1989.537,-7.81,-7.8,-7.82,-7.8,-7.81,-7.8
1989,8,32735,1989.6219,-7.7,-7.81,-7.7,-7.8,-7.7,-7.81
1989,9,32766,1989.7068,-7.61,-7.79,-7.63,-7.8,-7.61,-7.79
1989,10,32796,1989.789,-7.62,-7.78,-7.65,-7.81,-7.62,-7.78
1989,11,32827,1989.874,-7.73,-7.82,-7.73,-7.82,-7.73,-7.82
1989,12,32857,1989.9562,-7.78,-7.81,-7.79,-7.83,-7.78,-7.81
1990,1,32888,1990.0411,-7.86,-7.85,-7.84,-7.84,-7.86,-7.85
1990,2,32919,1990.126,-7.9,-7.86,-7.88,-7.84,-7.9,-7.86
1990,3,32947,1990.2027,-7.97,-7.88,-7.94,-7.85,-7.97,-7.88
1990,4,32978,1990.2877,-8.03,-7.88,-8,-7.85,-8.03,-7.88
1990,5,33008,1990.3699,-8.06,-7.89,-8.02,-7.85,-8.06,-7.89
1990,6,33039,1990.4548,-7.93,-7.82,-7.96,-7.85,-7.93,-7.82
1990,7,33069,1990.537,-7.79,-7.77,-7.86,-7.84,-7.79,-7.77
1990,8,33100,1990.6219,-7.72,-7.82,-7.74,-7.84,-7.72,-7.82
1990,9,33131,1990.7068,-7.61,-7.79,-7.66,-7.84,-7.61,-7.79
1990,10,33161,1990.789,-7.74,-7.9,-7.68,-7.83,-7.74,-7.9
1990,11,33192,1990.874,-7.74,-7.83,-7.74,-7.83,-7.74,-7.83
1990,12,33222,1990.9562,      NaN,      NaN,-7.79,-7.82,-7.79,-7.82
1991,1,33253,1991.0411,-7.75,-7.75,-7.82,-7.82,-7.75,-7.75
1991,2,33284,1991.126,-7.84,-7.8,-7.86,-7.82,-7.84,-7.8
1991,3,33312,1991.2027,-7.92,-7.84,-7.9,-7.81,-7.92,-7.84
1991,4,33343,1991.2877,-7.95,-7.81,-7.96,-7.81,-7.95,-7.81
1991,5,33373,1991.3699,-7.99,-7.83,-7.98,-7.81,-7.99,-7.83
1991,6,33404,1991.4548,-7.89,-7.77,-7.93,-7.81,-7.89,-7.77
1991,7,33434,1991.537,-7.82,-7.8,-7.83,-7.82,-7.82,-7.8
1991,8,33465,1991.6219,-7.77,-7.87,-7.72,-7.82,-7.77,-7.87
1991,9,33496,1991.7068,-7.66,-7.84,-7.65,-7.82,-7.66,-7.84
1991,10,33526,1991.789,-7.65,-7.81,-7.67,-7.83,-7.65,-7.81
1991,11,33557,1991.874,-7.74,-7.83,-7.74,-7.83,-7.74,-7.83
1991,12,33587,1991.9562,-7.8,-7.84,-7.79,-7.83,-7.8,-7.84
1992,1,33618,1992.041,-7.82,-7.82,-7.83,-7.83,-7.82,-7.82
1992,2,33649,1992.1257,-7.86,-7.82,-7.87,-7.83,-7.86,-7.82
1992,3,33678,1992.2049,-7.93,-7.84,-7.92,-7.83,-7.93,-7.84
1992,4,33709,1992.2896,-7.97,-7.82,-7.98,-7.83,-7.97,-7.82
1992,5,33739,1992.3716,-7.99,-7.82,-8,-7.84,-7.99,-7.82
1992,6,33770,1992.4563,-7.98,-7.86,-7.95,-7.84,-7.98,-7.86
1992,7,33800,1992.5383,-7.83,-7.82,-7.85,-7.84,-7.83,-7.82
1992,8,33831,1992.623,-7.73,-7.83,-7.74,-7.84,-7.73,-7.83
1992,9,33862,1992.7077,-7.69,-7.87,-7.66,-7.84,-7.69,-7.87
1992,10,33892,1992.7896,-7.68,-7.84,-7.68,-7.84,-7.68,-7.84
1992,11,33923,1992.8743,-7.78,-7.87,-7.74,-7.84,-7.78,-7.87
1992,12,33953,1992.9563,-7.8,-7.84,-7.79,-7.83,-7.8,-7.84
1993,1,33984,1993.0411,-7.82,-7.82,-7.82,-7.82,-7.82,-7.82
1993,2,34015,1993.126,-7.82,-7.78,-7.85,-7.81,-7.82,-7.78
1993,3,34043,1993.2027,-7.91,-7.82,-7.89,-7.81,-7.91,-7.82
1993,4,34074,1993.2877,-7.91,-7.77,-7.95,-7.8,-7.91,-7.77
1993,5,34104,1993.3699,-7.99,-7.83,-7.96,-7.8,-7.99,-7.83
1993,6,34135,1993.4548,-7.9,-7.79,-7.91,-7.8,-7.9,-7.79
1993,7,34165,1993.537,-7.79,-7.78,-7.81,-7.8,-7.79,-7.78
1993,8,34196,1993.6219,-7.71,-7.81,-7.7,-7.8,-7.71,-7.81
1993,9,34227,1993.7068,-7.6,-7.78,-7.63,-7.81,-7.6,-7.78
1993,10,34257,1993.789,-7.64,-7.79,-7.66,-7.82,-7.64,-7.79
1993,11,34288,1993.874,-7.75,-7.84,-7.73,-7.82,-7.75,-7.84
1993,12,34318,1993.9562,-7.82,-7.85,-7.79,-7.83,-7.82,-7.85
1994,1,34349,1994.0411,-7.88,-7.88,-7.84,-7.84,-7.88,-7.88
1994,2,34380,1994.126,-7.87,-7.83,-7.88,-7.84,-7.87,-7.83
1994,3,34408,1994.2027,-7.9,-7.81,-7.93,-7.84,-7.9,-7.81
1994,4,34439,1994.2877,-7.98,-7.83,-7.99,-7.84,-7.98,-7.83
1994,5,34469,1994.3699,-8.01,-7.85,-8.01,-7.84,-8.01,-7.85
1994,6,34500,1994.4548,-7.98,-7.86,-7.96,-7.84,-7.98,-7.86
1994,7,34530,1994.537,-7.84,-7.82,-7.86,-7.85,-7.84,-7.82
1994,8,34561,1994.6219,-7.73,-7.84,-7.75,-7.85,-7.73,-7.84
1994,9,34592,1994.7068,-7.68,-7.86,-7.68,-7.85,-7.68,-7.86
1994,10,34622,1994.789,-7.7,-7.86,-7.7,-7.86,-7.7,-7.86
1994,11,34653,1994.874,-7.78,-7.88,-7.77,-7.86,-7.78,-7.88
1994,12,34683,1994.9562,-7.89,-7.93,-7.83,-7.87,-7.89,-7.93
1995,1,34714,1995.0411,-7.85,-7.85,-7.87,-7.87,-7.85,-7.85
1995,2,34745,1995.126,-7.89,-7.85,-7.91,-7.87,-7.89,-7.85
1995,3,34773,1995.2027,-7.95,-7.86,-7.96,-7.87,-7.95,-7.86
1995,4,34804,1995.2877,-8.03,-7.89,-8.02,-7.88,-8.03,-7.89
1995,5,34834,1995.3699,-8.06,-7.89,-8.05,-7.88,-8.06,-7.89
1995,6,34865,1995.4548,-8.02,-7.9,-8,-7.89,-8.02,-7.9
1995,7,34895,1995.537,-7.9,-7.88,-7.91,-7.89,-7.9,-7.88
1995,8,34926,1995.6219,-7.78,-7.89,-7.79,-7.89,-7.78,-7.89
1995,9,34957,1995.7068,-7.74,-7.91,-7.72,-7.9,-7.74,-7.91
1995,10,34987,1995.789,-7.73,-7.88,-7.74,-7.9,-7.73,-7.88
1995,11,35018,1995.874,-7.8,-7.89,-7.81,-7.9,-7.8,-7.89
1995,12,35048,1995.9562,-7.86,-7.9,-7.87,-7.91,-7.86,-7.9
1996,1,35079,1996.041,-7.94,-7.93,-7.92,-7.91,-7.94,-7.93
1996,2,35110,1996.1257,-7.96,-7.92,-7.96,-7.92,-7.96,-7.92
1996,3,35139,1996.2049,-8.02,-7.94,-8.01,-7.92,-8.02,-7.94
1996,4,35170,1996.2896,-8.05,-7.9,-8.08,-7.93,-8.05,-7.9
1996,5,35200,1996.3716,-8.08,-7.91,-8.1,-7.93,-8.08,-7.91
1996,6,35231,1996.4563,-8.08,-7.97,-8.05,-7.94,-8.08,-7.97
1996,7,35261,1996.5383,-7.98,-7.97,-7.95,-7.94,-7.98,-7.97
1996,8,35292,1996.623,-7.84,-7.95,-7.84,-7.94,-7.84,-7.95
1996,9,35323,1996.7077,-7.76,-7.93,-7.77,-7.94,-7.76,-7.93
1996,10,35353,1996.7896,-7.78,-7.93,-7.78,-7.94,-7.78,-7.93
1996,11,35384,1996.8743,-7.85,-7.94,-7.85,-7.94,-7.85,-7.94
1996,12,35414,1996.9563,-7.9,-7.94,-7.91,-7.94,-7.9,-7.94
1997,1,35445,1997.0411,-7.94,-7.94,-7.95,-7.95,-7.94,-7.94
1997,2,35476,1997.126,-8,-7.96,-7.99,-7.95,-8,-7.96
1997,3,35504,1997.2027,-8.05,-7.96,-8.04,-7.95,-8.05,-7.96
1997,4,35535,1997.2877,-8.1,-7.95,-8.1,-7.95,-8.1,-7.95
1997,5,35565,1997.3699,-8.13,-7.96,-8.11,-7.95,-8.13,-7.96
1997,6,35596,1997.4548,-8.05,-7.93,-8.06,-7.95,-8.05,-7.93
1997,7,35626,1997.537,-7.97,-7.95,-7.96,-7.95,-7.97,-7.95
1997,8,35657,1997.6219,-7.86,-7.96,-7.85,-7.95,-7.86,-7.96
1997,9,35688,1997.7068,-7.78,-7.96,-7.78,-7.95,-7.78,-7.96
1997,10,35718,1997.789,-7.75,-7.91,-7.8,-7.96,-7.75,-7.91
1997,11,35749,1997.874,-7.86,-7.95,-7.87,-7.96,-7.86,-7.95
1997,12,35779,1997.9562,-7.94,-7.98,-7.93,-7.97,-7.94,-7.98
1998,1,35810,1998.0411,-8.01,-8,-7.98,-7.98,-8.01,-8
1998,2,35841,1998.126,-8.02,-7.98,-8.04,-8,-8.02,-7.98
1998,3,35869,1998.2027,-8.08,-7.99,-8.1,-8.01,-8.08,-7.99
1998,4,35900,1998.2877,-8.16,-8.02,-8.17,-8.02,-8.16,-8.02
1998,5,35930,1998.3699,-8.19,-8.02,-8.2,-8.04,-8.19,-8.02
1998,6,35961,1998.4548,-8.2,-8.08,-8.17,-8.05,-8.2,-8.08
1998,7,35991,1998.537,-8.1,-8.09,-8.08,-8.06,-8.1,-8.09
1998,8,36022,1998.6219,-7.97,-8.07,-7.97,-8.07,-7.97,-8.07
1998,9,36053,1998.7068,-7.92,-8.09,-7.9,-8.07,-7.92,-8.09
1998,10,36083,1998.789,-7.9,-8.06,-7.92,-8.07,-7.9,-8.06
1998,11,36114,1998.874,-7.96,-8.05,-7.98,-8.07,-7.96,-8.05
1998,12,36144,1998.9562,-8.07,-8.1,-8.03,-8.07,-8.07,-8.1
1999,1,36175,1999.0411,-8.06,-8.06,-8.06,-8.06,-8.06,-8.06
1999,2,36206,1999.126,-8.07,-8.03,-8.09,-8.05,-8.07,-8.03
1999,3,36234,1999.2027,-8.15,-8.06,-8.13,-8.04,-8.15,-8.06
1999,4,36265,1999.2877,-8.17,-8.03,-8.18,-8.04,-8.17,-8.03
1999,5,36295,1999.3699,-8.17,-8.01,-8.2,-8.03,-8.17,-8.01
1999,6,36326,1999.4548,-8.14,-8.02,-8.14,-8.03,-8.14,-8.02
1999,7,36356,1999.537,-8.06,-8.05,-8.04,-8.03,-8.06,-8.05
1999,8,36387,1999.6219,-7.95,-8.05,-7.92,-8.03,-7.95,-8.05
1999,9,36418,1999.7068,-7.82,-8,-7.85,-8.03,-7.82,-8
1999,10,36448,1999.789,-7.86,-8.02,-7.87,-8.03,-7.86,-8.02
1999,11,36479,1999.874,-7.94,-8.03,-7.94,-8.03,-7.94,-8.03
1999,12,36509,1999.9562,-8.01,-8.05,-8,-8.04,-8.01,-8.05
2000,1,36540,2000.041,-8.08,-8.08,-8.04,-8.04,-8.08,-8.08
2000,2,36571,2000.1257,-8.07,-8.03,-8.08,-8.04,-8.07,-8.03
2000,3,36600,2000.2049,-8.13,-8.04,-8.13,-8.04,-8.13,-8.04
2000,4,36631,2000.2896,-8.2,-8.06,-8.19,-8.04,-8.2,-8.06
2000,5,36661,2000.3716,-8.16,-8,-8.21,-8.04,-8.16,-8
2000,6,36692,2000.4563,-8.14,-8.03,-8.16,-8.05,-8.14,-8.03
2000,7,36722,2000.5383,-8.06,-8.05,-8.07,-8.05,-8.06,-8.05
2000,8,36753,2000.623,-7.98,-8.09,-7.95,-8.06,-7.98,-8.09
2000,9,36784,2000.7077,-7.89,-8.07,-7.89,-8.06,-7.89,-8.07
2000,10,36814,2000.7896,-7.92,-8.08,-7.91,-8.07,-7.92,-8.08
2000,11,36845,2000.8743,-7.97,-8.06,-7.98,-8.07,-7.97,-8.06
2000,12,36875,2000.9563,-8.04,-8.07,-8.03,-8.07,-8.04,-8.07
2001,1,36906,2001.0411,-8.06,-8.06,-8.07,-8.07,-8.06,-8.06
2001,2,36937,2001.126,-8.1,-8.06,-8.11,-8.07,-8.1,-8.06
2001,3,36965,2001.2027,-8.16,-8.07,-8.15,-8.07,-8.16,-8.07
2001,4,36996,2001.2877,-8.23,-8.08,-8.21,-8.06,-8.23,-8.08
2001,5,37026,2001.3699,-8.22,-8.06,-8.23,-8.06,-8.22,-8.06
2001,6,37057,2001.4548,-8.17,-8.06,-8.18,-8.06,-8.17,-8.06
2001,7,37087,2001.537,-8.05,-8.04,-8.08,-8.07,-8.05,-8.04
2001,8,37118,2001.6219,-7.96,-8.07,-7.97,-8.07,-7.96,-8.07
2001,9,37149,2001.7068,-7.9,-8.08,-7.9,-8.07,-7.9,-8.08
2001,10,37179,2001.789,-7.92,-8.08,-7.92,-8.07,-7.92,-8.08
2001,11,37210,2001.874,-7.99,-8.09,-7.98,-8.08,-7.99,-8.09
2001,12,37240,2001.9562,-8.07,-8.1,-8.04,-8.08,-8.07,-8.1
2002,1,37271,2002.0411,-8.07,-8.07,-8.08,-8.08,-8.07,-8.07
2002,2,37302,2002.126,-8.09,-8.05,-8.12,-8.07,-8.09,-8.05
2002,3,37330,2002.2027,-8.17,-8.09,-8.16,-8.07,-8.17,-8.09
2002,4,37361,2002.2877,-8.18,-8.04,-8.22,-8.08,-8.18,-8.04
2002,5,37391,2002.3699,-8.25,-8.09,-8.25,-8.08,-8.25,-8.09
2002,6,37422,2002.4548,-8.21,-8.1,-8.2,-8.09,-8.21,-8.1
2002,7,37452,2002.537,-8.1,-8.09,-8.11,-8.09,-8.1,-8.09
2002,8,37483,2002.6219,-7.99,-8.1,-7.99,-8.1,-7.99,-8.1
2002,9,37514,2002.7068,-7.92,-8.1,-7.93,-8.1,-7.92,-8.1
2002,10,37544,2002.789,-7.96,-8.12,-7.95,-8.11,-7.96,-8.12
2002,11,37575,2002.874,-8.03,-8.12,-8.02,-8.11,-8.03,-8.12
2002,12,37605,2002.9562,-8.09,-8.13,-8.08,-8.12,-8.09,-8.13
2003,1,37636,2003.0411,-8.11,-8.11,-8.13,-8.13,-8.11,-8.11
2003,2,37667,2003.126,-8.16,-8.12,-8.17,-8.13,-8.16,-8.12
2003,3,37695,2003.2027,-8.24,-8.16,-8.23,-8.14,-8.24,-8.16
2003,4,37726,2003.2877,-8.29,-8.14,-8.29,-8.15,-8.29,-8.14
2003,5,37756,2003.3699,-8.3,-8.14,-8.32,-8.15,-8.3,-8.14
2003,6,37787,2003.4548,-8.29,-8.17,-8.28,-8.16,-8.29,-8.17
2003,7,37817,2003.537,-8.18,-8.16,-8.18,-8.17,-8.18,-8.16
2003,8,37848,2003.6219,-8.1,-8.2,-8.07,-8.17,-8.1,-8.2
2003,9,37879,2003.7068,-8.01,-8.19,-8,-8.18,-8.01,-8.19
2003,10,37909,2003.789,-8.01,-8.17,-8.02,-8.18,-8.01,-8.17
2003,11,37940,2003.874,-8.14,-8.23,-8.09,-8.18,-8.14,-8.23
2003,12,37970,2003.9562,-8.13,-8.17,-8.15,-8.18,-8.13,-8.17
2004,1,38001,2004.041,-8.16,-8.16,-8.19,-8.19,-8.16,-8.16
2004,2,38032,2004.1257,-8.19,-8.15,-8.23,-8.19,-8.19,-8.15
2004,3,38061,2004.2049,-8.32,-8.23,-8.28,-8.19,-8.32,-8.23
2004,4,38092,2004.2896,-8.36,-8.21,-8.34,-8.19,-8.36,-8.21
2004,5,38122,2004.3716,-8.37,-8.2,-8.36,-8.19,-8.37,-8.2
2004,6,38153,2004.4563,-8.28,-8.17,-8.31,-8.19,-8.28,-8.17
2004,7,38183,2004.5383,-8.19,-8.17,-8.21,-8.19,-8.19,-8.17
2004,8,38214,2004.623,-8.11,-8.21,-8.09,-8.19,-8.11,-8.21
2004,9,38245,2004.7077,-8.01,-8.19,-8.02,-8.2,-8.01,-8.19
2004,10,38275,2004.7896,-8.04,-8.2,-8.04,-8.2,-8.04,-8.2
2004,11,38306,2004.8743,-8.1,-8.19,-8.11,-8.2,-8.1,-8.19
2004,12,38336,2004.9563,-8.16,-8.2,-8.17,-8.2,-8.16,-8.2
2005,1,38367,2005.0411,-8.21,-8.21,-8.21,-8.21,-8.21,-8.21
2005,2,38398,2005.126,-8.27,-8.23,-8.25,-8.21,-8.27,-8.23
2005,3,38426,2005.2027,-8.32,-8.23,-8.31,-8.22,-8.32,-8.23
2005,4,38457,2005.2877,-8.37,-8.22,-8.37,-8.22,-8.37,-8.22
2005,5,38487,2005.3699,-8.37,-8.2,-8.39,-8.22,-8.37,-8.2
2005,6,38518,2005.4548,-8.34,-8.22,-8.34,-8.23,-8.34,-8.22
2005,7,38548,2005.537,-8.24,-8.23,-8.25,-8.23,-8.24,-8.23
2005,8,38579,2005.6219,-8.15,-8.25,-8.13,-8.23,-8.15,-8.25
2005,9,38610,2005.7068,-8.05,-8.23,-8.06,-8.23,-8.05,-8.23
2005,10,38640,2005.789,-8.08,-8.24,-8.08,-8.23,-8.08,-8.24
2005,11,38671,2005.874,-8.13,-8.22,-8.14,-8.24,-8.13,-8.22
2005,12,38701,2005.9562,-8.2,-8.23,-8.2,-8.24,-8.2,-8.23
2006,1,38732,2006.0411,-8.25,-8.25,-8.24,-8.24,-8.25,-8.25
2006,2,38763,2006.126,-8.28,-8.24,-8.28,-8.24,-8.28,-8.24
2006,3,38791,2006.2027,-8.3,-8.21,-8.33,-8.25,-8.3,-8.21
2006,4,38822,2006.2877,-8.43,-8.28,-8.4,-8.25,-8.43,-8.28
2006,5,38852,2006.3699,-8.45,-8.28,-8.42,-8.25,-8.45,-8.28
2006,6,38883,2006.4548,-8.35,-8.23,-8.37,-8.25,-8.35,-8.23
2006,7,38913,2006.537,-8.27,-8.25,-8.27,-8.25,-8.27,-8.25
2006,8,38944,2006.6219,-8.14,-8.25,-8.15,-8.25,-8.14,-8.25
2006,9,38975,2006.7068,-8.09,-8.27,-8.08,-8.25,-8.09,-8.27
2006,10,39005,2006.789,-8.1,-8.26,-8.09,-8.25,-8.1,-8.26
2006,11,39036,2006.874,-8.14,-8.23,-8.16,-8.25,-8.14,-8.23
2006,12,39066,2006.9562,-8.21,-8.24,-8.21,-8.25,-8.21,-8.24
2007,1,39097,2007.0411,-8.24,-8.23,-8.25,-8.25,-8.24,-8.23
2007,2,39128,2007.126,-8.32,-8.28,-8.29,-8.25,-8.32,-8.28
2007,3,39156,2007.2027,-8.34,-8.25,-8.34,-8.25,-8.34,-8.25
2007,4,39187,2007.2877,-8.42,-8.27,-8.4,-8.25,-8.42,-8.27
2007,5,39217,2007.3699,-8.4,-8.23,-8.42,-8.25,-8.4,-8.23
2007,6,39248,2007.4548,-8.35,-8.24,-8.37,-8.25,-8.35,-8.24
2007,7,39278,2007.537,-8.29,-8.27,-8.27,-8.25,-8.29,-8.27
2007,8,39309,2007.6219,-8.14,-8.25,-8.15,-8.26,-8.14,-8.25
2007,9,39340,2007.7068,-8.07,-8.25,-8.08,-8.26,-8.07,-8.25
2007,10,39370,2007.789,-8.11,-8.27,-8.1,-8.26,-8.11,-8.27
2007,11,39401,2007.874,-8.18,-8.27,-8.17,-8.26,-8.18,-8.27
2007,12,39431,2007.9562,-8.24,-8.28,-8.22,-8.26,-8.24,-8.28
2008,1,39462,2008.041,-8.29,-8.28,-8.26,-8.26,-8.29,-8.28
2008,2,39493,2008.1257,-8.28,-8.24,-8.29,-8.25,-8.28,-8.24
2008,3,39522,2008.2049,-8.31,-8.22,-8.34,-8.25,-8.31,-8.22
2008,4,39553,2008.2896,-8.33,-8.18,-8.4,-8.25,-8.33,-8.18
2008,5,39583,2008.3716,-8.42,-8.25,-8.42,-8.26,-8.42,-8.25
2008,6,39614,2008.4563,-8.39,-8.28,-8.38,-8.26,-8.39,-8.28
2008,7,39644,2008.5383,-8.3,-8.29,-8.28,-8.27,-8.3,-8.29
2008,8,39675,2008.623,-8.16,-8.26,-8.17,-8.27,-8.16,-8.26
2008,9,39706,2008.7077,-8.11,-8.29,-8.1,-8.27,-8.11,-8.29
2008,10,39736,2008.7896,-8.12,-8.28,-8.12,-8.28,-8.12,-8.28
2008,11,39767,2008.8743,-8.19,-8.28,-8.18,-8.27,-8.19,-8.28
2008,12,39797,2008.9563,-8.22,-8.26,-8.24,-8.27,-8.22,-8.26
2009,1,39828,2009.0411,-8.28,-8.28,-8.28,-8.27,-8.28,-8.28
2009,2,39859,2009.126,-8.3,-8.26,-8.31,-8.27,-8.3,-8.26
2009,3,39887,2009.2027,-8.38,-8.29,-8.36,-8.27,-8.38,-8.29
2009,4,39918,2009.2877,-8.41,-8.27,-8.42,-8.27,-8.41,-8.27
2009,5,39948,2009.3699,-8.42,-8.25,-8.44,-8.27,-8.42,-8.25
2009,6,39979,2009.4548,-8.4,-8.28,-8.39,-8.27,-8.4,-8.28
2009,7,40009,2009.537,-8.28,-8.27,-8.29,-8.27,-8.28,-8.27
2009,8,40040,2009.6219,-8.17,-8.27,-8.17,-8.27,-8.17,-8.27
2009,9,40071,2009.7068,-8.11,-8.29,-8.1,-8.27,-8.11,-8.29
2009,10,40101,2009.789,-8.11,-8.27,-8.11,-8.27,-8.11,-8.27
2009,11,40132,2009.874,-8.18,-8.27,-8.18,-8.27,-8.18,-8.27
2009,12,40162,2009.9562,-8.21,-8.25,-8.24,-8.28,-8.21,-8.25
2010,1,40193,2010.0411,-8.26,-8.26,-8.29,-8.28,-8.26,-8.26
2010,2,40224,2010.126,-8.29,-8.25,-8.33,-8.29,-8.29,-8.25
2010,3,40252,2010.2027,-8.41,-8.32,-8.39,-8.3,-8.41,-8.32
2010,4,40283,2010.2877,-8.49,-8.34,-8.45,-8.31,-8.49,-8.34
2010,5,40313,2010.3699,-8.49,-8.32,-8.48,-8.31,-8.49,-8.32
2010,6,40344,2010.4548,-8.43,-8.31,-8.43,-8.32,-8.43,-8.31
2010,7,40374,2010.537,-8.32,-8.31,-8.33,-8.32,-8.32,-8.31
2010,8,40405,2010.6219,-8.21,-8.31,-8.22,-8.32,-8.21,-8.31
2010,9,40436,2010.7068,-8.15,-8.32,-8.15,-8.32,-8.15,-8.32
2010,10,40466,2010.789,-8.17,-8.33,-8.16,-8.32,-8.17,-8.33
2010,11,40497,2010.874,-8.24,-8.33,-8.23,-8.32,-8.24,-8.33
2010,12,40527,2010.9562,-8.27,-8.3,-8.28,-8.32,-8.27,-8.3
2011,1,40558,2011.0411,-8.36,-8.35,-8.32,-8.32,-8.36,-8.35
2011,2,40589,2011.126,-8.37,-8.33,-8.35,-8.31,-8.37,-8.33
2011,3,40617,2011.2027,-8.34,-8.26,-8.4,-8.31,-8.34,-8.26
2011,4,40648,2011.2877,-8.43,-8.29,-8.45,-8.31,-8.43,-8.29
2011,5,40678,2011.3699,-8.45,-8.29,-8.47,-8.31,-8.45,-8.29
2011,6,40709,2011.4548,-8.43,-8.32,-8.43,-8.31,-8.43,-8.32
2011,7,40739,2011.537,-8.36,-8.34,-8.33,-8.32,-8.36,-8.34
2011,8,40770,2011.6219,-8.21,-8.31,-8.22,-8.32,-8.21,-8.31
2011,9,40801,2011.7068,-8.14,-8.32,-8.15,-8.33,-8.14,-8.32
2011,10,40831,2011.789,-8.19,-8.35,-8.17,-8.33,-8.19,-8.35
2011,11,40862,2011.874,-8.25,-8.35,-8.24,-8.33,-8.25,-8.35
2011,12,40892,2011.9562,-8.3,-8.34,-8.29,-8.33,-8.3,-8.34
2012,1,40923,2012.041,-8.35,-8.35,-8.33,-8.33,-8.35,-8.35
2012,2,40954,2012.1257,-8.34,-8.3,-8.37,-8.33,-8.34,-8.3
2012,3,40983,2012.2049,-8.37,-8.28,-8.42,-8.33,-8.37,-8.28
2012,4,41014,2012.2896,-8.46,-8.31,-8.48,-8.33,-8.46,-8.31
2012,5,41044,2012.3716,-8.5,-8.33,-8.5,-8.34,-8.5,-8.33
2012,6,41075,2012.4563,-8.45,-8.34,-8.46,-8.34,-8.45,-8.34
2012,7,41105,2012.5383,-8.38,-8.36,-8.37,-8.35,-8.38,-8.36
2012,8,41136,2012.623,-8.26,-8.37,-8.26,-8.36,-8.26,-8.37
2012,9,41167,2012.7077,-8.21,-8.38,-8.19,-8.37,-8.21,-8.38
2012,10,41197,2012.7896,-8.21,-8.37,-8.22,-8.37,-8.21,-8.37
2012,11,41228,2012.8743,-8.29,-8.38,-8.29,-8.38,-8.29,-8.38
2012,12,41258,2012.9563,-8.36,-8.4,-8.35,-8.39,-8.36,-8.4
2013,1,41289,2013.0411,-8.39,-8.39,-8.39,-8.39,-8.39,-8.39
2013,2,41320,2013.126,-8.42,-8.38,-8.44,-8.39,-8.42,-8.38
2013,3,41348,2013.2027,-8.51,-8.42,-8.49,-8.4,-8.51,-8.42
2013,4,41379,2013.2877,-8.5,-8.36,-8.55,-8.4,-8.5,-8.36
2013,5,41409,2013.3699,-8.6,-8.43,-8.57,-8.41,-8.6,-8.43
2013,6,41440,2013.4548,-8.55,-8.44,-8.53,-8.41,-8.55,-8.44
2013,7,41470,2013.537,-8.45,-8.44,-8.43,-8.42,-8.45,-8.44
2013,8,41501,2013.6219,-8.28,-8.39,-8.31,-8.42,-8.28,-8.39
2013,9,41532,2013.7068,-8.25,-8.42,-8.25,-8.42,-8.25,-8.42
2013,10,41562,2013.789,-8.28,-8.44,-8.27,-8.42,-8.28,-8.44
2013,11,41593,2013.874,-8.34,-8.43,-8.33,-8.42,-8.34,-8.43
2013,12,41623,2013.9562,-8.38,-8.42,-8.38,-8.41,-8.38,-8.42
2014,1,41654,2014.0411,-8.4,-8.39,-8.41,-8.41,-8.4,-8.39
2014,2,41685,2014.126,-8.4,-8.36,-8.45,-8.41,-8.4,-8.36
2014,3,41713,2014.2027,-8.5,-8.42,-8.49,-8.41,-8.5,-8.42
2014,4,41744,2014.2877,-8.56,-8.42,-8.56,-8.42,-8.56,-8.42
2014,5,41774,2014.3699,-8.62,-8.45,-8.59,-8.42,-8.62,-8.45
2014,6,41805,2014.4548,-8.59,-8.47,-8.53,-8.41,-8.59,-8.47
2014,7,41835,2014.537,-8.41,-8.4,-8.41,-8.4,-8.41,-8.4
2014,8,41866,2014.6219,-8.27,-8.38,-8.28,-8.39,-8.27,-8.38
2014,9,41897,2014.7068,-8.18,-8.36,-8.21,-8.38,-8.18,-8.36
2014,10,41927,2014.789,-8.19,-8.35,-8.23,-8.39,-8.19,-8.35
2014,11,41958,2014.874,-8.29,-8.38,-8.31,-8.4,-8.29,-8.38
2014,12,41988,2014.9562,-8.44,-8.47,-8.38,-8.41,-8.44,-8.47
2015,1,42019,2015.0411,-8.42,-8.41,-8.43,-8.42,-8.42,-8.41
2015,2,42050,2015.126,-8.46,-8.42,-8.47,-8.43,-8.46,-8.42
2015,3,42078,2015.2027,-8.53,-8.45,-8.51,-8.44,-8.53,-8.45
2015,4,42109,2015.2877,-8.62,-8.47,-8.58,-8.44,-8.62,-8.47
2015,5,42139,2015.3699,-8.59,-8.42,-8.61,-8.44,-8.59,-8.42
2015,6,42170,2015.4548,-8.54,-8.42,-8.56,-8.44,-8.54,-8.42
2015,7,42200,2015.537,-8.44,-8.43,-8.45,-8.44,-8.44,-8.43
2015,8,42231,2015.6219,-8.32,-8.43,-8.33,-8.44,-8.32,-8.43
2015,9,42262,2015.7068,-8.28,-8.46,-8.27,-8.45,-8.28,-8.46
2015,10,42292,2015.789,-8.31,-8.47,-8.3,-8.46,-8.31,-8.47
2015,11,42323,2015.874,-8.39,-8.48,-8.38,-8.47,-8.39,-8.48
2015,12,42353,2015.9562,-8.43,-8.45,-8.45,-8.48,-8.43,-8.45
2016,1,42384,2016.041,-8.52,-8.5,-8.51,-8.5,-8.52,-8.5
2016,2,42415,2016.1257,-8.55,-8.51,-8.55,-8.51,-8.55,-8.51
2016,3,42444,2016.2049,-8.59,-8.52,-8.6,-8.52,-8.59,-8.52
2016,4,42475,2016.2896,-8.7,-8.56,-8.67,-8.53,-8.7,-8.56
2016,5,42505,2016.3716,-8.72,-8.55,-8.7,-8.53,-8.72,-8.55
2016,6,42536,2016.4563,-8.61,-8.5,-8.65,-8.53,-8.61,-8.5
2016,7,42566,2016.5383,-8.54,-8.54,-8.54,-8.53,-8.54,-8.54
2016,8,42597,2016.623,-8.42,-8.53,-8.42,-8.53,-8.42,-8.53
2016,9,42628,2016.7077,-8.35,-8.53,-8.36,-8.53,-8.35,-8.53
2016,10,42658,2016.7896,-8.38,-8.54,-8.37,-8.53,-8.38,-8.54
2016,11,42689,2016.8743,-8.45,-8.54,-8.44,-8.53,-8.45,-8.54
2016,12,42719,2016.9563,-8.49,-8.51,-8.5,-8.53,-8.49,-8.51
2017,1,42750,2017.0411,-8.52,-8.5,-8.54,-8.53,-8.52,-8.5
2017,2,42781,2017.126,-8.58,-8.54,-8.57,-8.53,-8.58,-8.54
2017,3,42809,2017.2027,-8.61,-8.53,-8.61,-8.53,-8.61,-8.53
2017,4,42840,2017.2877,-8.66,-8.52,-8.68,-8.54,-8.66,-8.52
2017,5,42870,2017.3699,-8.72,-8.55,-8.72,-8.54,-8.72,-8.55
2017,6,42901,2017.4548,-8.68,-8.56,-8.66,-8.55,-8.68,-8.56
2017,7,42931,2017.537,-8.54,-8.54,-8.55,-8.55,-8.54,-8.54
2017,8,42962,2017.6219,-8.45,-8.56,-8.44,-8.55,-8.45,-8.56
2017,9,42993,2017.7068,-8.38,-8.55,-8.38,-8.55,-8.38,-8.55
2017,10,43023,2017.789,-8.38,-8.54,-8.38,-8.54,-8.38,-8.54
2017,11,43054,2017.874,-8.45,-8.54,-8.45,-8.54,-8.45,-8.54
2017,12,43084,2017.9562,-8.48,-8.51,-8.5,-8.53,-8.48,-8.51
2018,1,43115,2018.0411,-8.57,-8.56,-8.54,-8.53,-8.57,-8.56
2018,2,43146,2018.126,-8.59,-8.54,-8.57,-8.53,-8.59,-8.54
2018,3,43174,2018.2027,-8.6,-8.52,-8.6,-8.52,-8.6,-8.52
2018,4,43205,2018.2877,-8.64,-8.5,-8.66,-8.52,-8.64,-8.5
2018,5,43235,2018.3699,-8.7,-8.52,-8.7,-8.52,-8.7,-8.52
2018,6,43266,2018.4548,-8.61,-8.49,-8.64,-8.53,-8.61,-8.49
2018,7,43296,2018.537,-8.53,-8.53,-8.54,-8.54,-8.53,-8.53
2018,8,43327,2018.6219,-8.47,-8.58,-8.44,-8.55,-8.47,-8.58
2018,9,43358,2018.7068,-8.4,-8.57,-8.39,-8.56,-8.4,-8.57
2018,10,43388,2018.789,-8.4,-8.57,-8.41,-8.57,-8.4,-8.57
2018,11,43419,2018.874,-8.48,-8.57,-8.49,-8.58,-8.48,-8.57
2018,12,43449,2018.9562,-8.55,-8.58,-8.56,-8.59,-8.55,-8.58
2019,1,43480,2019.0411,-8.65,-8.63,-8.61,-8.59,-8.65,-8.63
2019,2,43511,2019.126,-8.63,-8.59,-8.64,-8.59,-8.63,-8.59
2019,3,43539,2019.2027,-8.65,-8.57,-8.66,-8.59,-8.65,-8.57
2019,4,43570,2019.2877,-8.71,-8.58,-8.72,-8.58,-8.71,-8.58
2019,5,43600,2019.3699,-8.74,-8.57,-8.75,-8.58,-8.74,-8.57
2019,6,43631,2019.4548,-8.71,-8.6,-8.69,-8.58,-8.71,-8.6
2019,7,43661,2019.537,-8.57,-8.56,-8.58,-8.58,-8.57,-8.56
2019,8,43692,2019.6219,-8.47,-8.56,-8.48,-8.58,-8.47,-8.56
2019,9,43723,2019.7068,-8.4,-8.57,-8.41,-8.58,-8.4,-8.57
2019,10,43753,2019.789,-8.42,-8.57,-8.43,-8.58,-8.42,-8.57
2019,11,43784,2019.874,-8.49,-8.58,-8.5,-8.59,-8.49,-8.58
2019,12,43814,2019.9562,-8.58,-8.62,-8.56,-8.59,-8.58,-8.62
2020,1,43845,2020.041,-8.66,-8.65,-8.61,-8.59,-8.66,-8.65
2020,2,43876,2020.1257,-8.62,-8.57,-8.64,-8.59,-8.62,-8.57
2020,3,43905,2020.2049,-8.66,-8.59,-8.66,-8.59,-8.66,-8.59
2020,4,43936,2020.2896,-8.7,-8.57,-8.72,-8.59,-8.7,-8.57
2020,5,43966,2020.3716,-8.78,-8.62,-8.76,-8.6,-8.78,-8.62
2020,6,43997,2020.4563,-8.69,-8.59,-8.7,-8.6,-8.69,-8.59
2020,7,44027,2020.5383,-8.61,-8.6,-8.61,-8.6,-8.61,-8.6
2020,8,44058,2020.623,-8.5,-8.59,-8.51,-8.61,-8.5,-8.59
2020,9,44089,2020.7077,-8.48,-8.64,-8.45,-8.61,-8.48,-8.64
2020,10,44119,2020.7896,-8.44,-8.59,-8.46,-8.61,-8.44,-8.59
2020,11,44150,2020.8743,-8.53,-8.62,-8.51,-8.6,-8.53,-8.62
2020,12,44180,2020.9563,-8.54,-8.58,-8.56,-8.6,-8.54,-8.58
2021,1,44211,2021.0411,-8.6,-8.58,-8.61,-8.6,-8.6,-8.58
2021,2,44242,2021.126,-8.66,-8.61,-8.65,-8.6,-8.66,-8.61
2021,3,44270,2021.2027,-8.66,-8.58,-8.67,-8.6,-8.66,-8.58
2021,4,44301,2021.2877,-8.73,-8.6,-8.72,-8.6,-8.73,-8.6
2021,5,44331,2021.3699,-8.78,-8.62,-8.76,-8.6,-8.78,-8.62
2021,6,44362,2021.4548,-8.7,-8.6,-8.71,-8.6,-8.7,-8.6
2021,7,44392,2021.537,-8.62,-8.61,-8.61,-8.6,-8.62,-8.61
2021,8,44423,2021.6219,-8.52,-8.61,-8.51,-8.61,-8.52,-8.61
2021,9,44454,2021.7068,-8.44,-8.6,-8.45,-8.61,-8.44,-8.6
2021,10,44484,2021.789,-8.46,-8.61,-8.46,-8.61,-8.46,-8.61
2021,11,44515,2021.874,-8.52,-8.61,-8.53,-8.62,-8.52,-8.61
2021,12,44545,2021.9562,-8.6,-8.63,-8.58,-8.62,-8.6,-8.63
2022,1,44576,2022.0411,-8.63,-8.62,-8.63,-8.62,-8.63,-8.62
2022,2,44607,2022.126,-8.71,-8.66,-8.66,-8.61,-8.71,-8.66
2022,3,44635,2022.2027,-8.65,-8.58,-8.68,-8.6,-8.65,-8.58
2022,4,44666,2022.2877,-8.7,-8.58,-8.72,-8.6,-8.7,-8.58
2022,5,44696,2022.3699,-8.72,-8.56,-8.76,-8.6,-8.72,-8.56
2022,6,44727,2022.4548,-8.72,-8.62,-8.71,-8.61,-8.72,-8.62
2022,7,44757,2022.537,-8.61,-8.61,-8.62,-8.61,-8.61,-8.61
2022,8,44788,2022.6219,-8.54,-8.63,-8.53,-8.62,-8.54,-8.63
2022,9,44819,2022.7068,-8.49,-8.65,-8.47,-8.62,-8.49,-8.65
2022,10,44849,2022.789,-8.48,-8.63,-8.48,-8.62,-8.48,-8.63
2022,11,44880,2022.874,-8.53,-8.62,-8.53,-8.62,-8.53,-8.62
2022,12,44910,2022.9562,-8.61,-8.64,-8.58,-8.62,-8.61,-8.64
2023,1,44941,2023.0411,-8.6,-8.58,-8.63,-8.61,-8.6,-8.58
2023,2,44972,2023.126,-8.66,-8.61,-8.66,-8.61,-8.66,-8.61
2023,3,45000,2023.2027,-8.66,-8.59,-8.69,-8.62,-8.66,-8.59
2023,4,45031,2023.2877,-8.78,-8.65,-8.75,-8.63,-8.78,-8.65
2023,5,45061,2023.3699,-8.8,-8.64,-8.8,-8.64,-8.8,-8.64
2023,6,45092,2023.4548,-8.75,-8.64,-8.76,-8.65,-8.75,-8.64
2023,7,45122,2023.537,-8.7,-8.69,-8.67,-8.66,-8.7,-8.69
2023,8,45153,2023.6219,-8.58,-8.67,-8.58,-8.67,-8.58,-8.67
2023,9,45184,2023.7068,-8.52,-8.68,-8.51,-8.67,-8.52,-8.68
2023,10,45214,2023.789,-8.51,-8.66,-8.52,-8.67,-8.51,-8.66
2023,11,45245,2023.874,-8.59,-8.68,-8.58,-8.67,-8.59,-8.68
2023,12,45275,2023.9562,-8.63,-8.67,-8.64,-8.67,-8.63,-8.67
2024,1,45306,2024.041,-8.68,-8.66,-8.69,-8.68,-8.68,-8.66
2024,2,45337,2024.1257,-8.72,-8.67,-8.73,-8.68,-8.72,-8.67
2024,3,45366,2024.2049,-8.8,-8.73,-8.76,-8.68,-8.8,-8.73
2024,4,45397,2024.2896,-8.8,-8.67,-8.82,-8.69,-8.8,-8.67
2024,5,45427,2024.3716,-8.82,-8.67,-8.86,-8.7,-8.82,-8.67
2024,6,45458,2024.4563,-8.83,-8.73,-8.81,-8.71,-8.83,-8.73
2024,7,45488,2024.5383,-8.72,-8.72,-8.73,-8.73,-8.72,-8.72
2024,8,45519,2024.623,-8.68,-8.77,-8.64,-8.74,-8.68,-8.77
2024,9,45550,2024.7077,-8.59,-8.75,-8.59,-8.74,-8.59,-8.75
2024,10,45580,2024.7896,-8.61,-8.76,-8.6,-8.75,-8.61,-8.76
2024,11,45611,2024.8743,-8.64,-8.73,-8.66,-8.75,-8.64,-8.73
2024,12,45641,2024.9563,-8.7,-8.73,-8.71,-8.74,-8.7,-8.73
