"especie","variable","LRT_chisq","LRT_df","LRT_p","AIC_inter","AIC_aditivo","dAIC","BIC_inter","BIC_aditivo","dBIC","modelo_sugerido"
"Pouteria","LNC",0.558,1,0.455,114.72,113.28,-1.44,123.51,120.61,-2.91,"N + P (aditivo)"
"Pouteria","LPC",0.943,1,0.3316,-23.68,-24.73,-1.06,-14.88,-17.41,-2.52,"N + P (aditivo)"
"Pouteria","LCC",0.273,1,0.6011,194.67,192.94,-1.73,202.87,199.78,-3.09,"N + P (aditivo)"
"Pouteria","logNmass",0.583,1,0.445,-63.93,-65.35,-1.42,-55.14,-58.02,-2.88,"N + P (aditivo)"
"Pouteria","logPmass",0.644,1,0.4221,-1.38,-2.73,-1.36,7.42,4.6,-2.82,"N + P (aditivo)"
"Pouteria","logCmass",0.28,1,0.5968,-163.37,-165.09,-1.72,-155.16,-158.25,-3.09,"N + P (aditivo)"
"Pouteria","N:P",0.183,1,0.6684,202.35,200.53,-1.82,211.14,207.86,-3.28,"N + P (aditivo)"
"Pouteria","C:N",0,1,0.9835,136.86,134.87,-2,145.07,141.7,-3.37,"N + P (aditivo)"
"Clarisia","LNC",0.291,1,0.5898,60.93,59.22,-1.71,63.84,61.65,-2.19,"N + P (aditivo)"
"Clarisia","LPC",1.538,1,0.2149,-7,-7.46,-0.46,-4.09,-5.03,-0.95,"N + P (aditivo)"
"Clarisia","LCC",4.151,1,0.0416,103.93,106.08,2.15,106.84,108.5,1.67,"N * P (con interacción)"
"Clarisia","logNmass",0.1,1,0.7517,-9.3,-11.2,-1.9,-6.39,-8.77,-2.38,"N + P (aditivo)"
"Clarisia","logPmass",2.439,1,0.1183,-10.58,-10.14,0.44,-7.67,-7.72,-0.05,"N + P (aditivo)"
"Clarisia","logCmass",4.101,1,0.0429,-41.52,-39.41,2.1,-38.61,-36.99,1.62,"N * P (con interacción)"
"Clarisia","N:P",2.166,1,0.1411,66.66,66.82,0.17,69.57,69.25,-0.32,"N + P (aditivo)"
"Clarisia","C:N",0.532,1,0.4656,64.43,62.96,-1.47,67.34,65.38,-1.95,"N + P (aditivo)"
"al","LNC",0.354,1,0.5519,166.42,164.77,-1.65,176.84,173.46,-3.38,"N + P (aditivo)"
"al","LPC",0.506,1,0.4767,5.61,4.12,-1.49,15.89,12.69,-3.21,"N + P (aditivo)"
"al","LCC",1.237,1,0.2661,294.77,294,-0.76,304.9,302.45,-2.45,"N + P (aditivo)"
"al","logNmass",0.236,1,0.6268,-39.16,-40.92,-1.76,-28.74,-32.24,-3.5,"N + P (aditivo)"
"al","logPmass",0.463,1,0.4961,4.43,2.89,-1.54,14.71,11.46,-3.25,"N + P (aditivo)"
"al","logCmass",1.203,1,0.2728,-200.2,-201,-0.8,-190.07,-192.56,-2.49,"N + P (aditivo)"
"al","N:P",2.584,1,0.1079,188.03,188.62,0.58,198.31,197.18,-1.13,"N + P (aditivo)"
"al","C:N",0.515,1,0.4729,257.03,255.55,-1.48,267.17,263.99,-3.17,"N + P (aditivo)"
"myrcia","LNC",0.758,1,0.384,139.14,137.9,-1.24,150.36,147.25,-3.11,"N + P (aditivo)"
"myrcia","LPC",12.029,1,5e-04,53.71,63.74,10.03,65.06,73.2,8.14,"N * P (con interacción)"
"myrcia","LCC",0.57,1,0.4504,355.49,354.06,-1.43,366.84,363.52,-3.32,"N + P (aditivo)"
"myrcia","logNmass",0.847,1,0.3574,-71.32,-72.48,-1.15,-60.1,-63.12,-3.02,"N + P (aditivo)"
"myrcia","logPmass",9.616,1,0.0019,44.09,51.7,7.62,55.44,61.16,5.72,"N * P (con interacción)"
"myrcia","logCmass",0.584,1,0.4446,-248.17,-249.58,-1.42,-236.82,-240.12,-3.31,"N + P (aditivo)"
"myrcia","N:P",5.442,1,0.0197,276.51,279.95,3.44,287.74,289.31,1.57,"N * P (con interacción)"
"myrcia","C:N",1.238,1,0.2659,307.95,307.19,-0.76,319.18,316.54,-2.63,"N + P (aditivo)"
"hp","LNC",0.975,1,0.3235,100.84,99.82,-1.03,107.11,105.04,-2.07,"N + P (aditivo)"
"hp","LPC",8.131,1,0.0044,-3.09,3.04,6.13,2.88,8.02,5.14,"N * P (con interacción)"
"hp","LCC",1.959,1,0.1616,151.71,151.67,-0.04,157.98,156.89,-1.09,"N + P (aditivo)"
"hp","logNmass",1.094,1,0.2957,-20.14,-21.05,-0.91,-13.87,-15.82,-1.95,"N + P (aditivo)"
"hp","logPmass",10.136,1,0.0015,-20.81,-12.68,8.14,-14.84,-7.7,7.14,"N * P (con interacción)"
"hp","logCmass",1.958,1,0.1617,-103.52,-103.57,-0.04,-97.26,-98.34,-1.09,"N + P (aditivo)"
"hp","N:P",0.252,1,0.616,102.6,100.85,-1.75,108.57,105.83,-2.74,"N + P (aditivo)"
"hp","C:N",1.685,1,0.1943,117.51,117.2,-0.32,123.78,122.42,-1.36,"N + P (aditivo)"
"Weinmania","LNC",0.171,1,0.6796,74.65,72.82,-1.83,79.99,77.27,-2.72,"N + P (aditivo)"
"Weinmania","LPC",11.329,1,8e-04,10.89,20.22,9.33,16.24,24.67,8.44,"N * P (con interacción)"
"Weinmania","LCC",3.024,1,0.082,145.45,146.48,1.02,150.8,150.93,0.13,"N + P (aditivo)"
"Weinmania","logNmass",0.101,1,0.7511,-11.19,-13.09,-1.9,-5.85,-8.64,-2.79,"N + P (aditivo)"
"Weinmania","logPmass",15.416,1,1e-04,-0.63,12.79,13.42,4.72,17.24,12.53,"N * P (con interacción)"
"Weinmania","logCmass",2.96,1,0.0853,-73.77,-72.81,0.96,-68.43,-68.36,0.07,"N + P (aditivo)"
"Weinmania","N:P",9.472,1,0.0021,91.52,98.99,7.47,96.86,103.44,6.58,"N * P (con interacción)"
"Weinmania","C:N",0.424,1,0.5151,117.9,116.33,-1.58,123.25,120.78,-2.47,"N + P (aditivo)"
